<?xml version="1.0" encoding="UTF-8" ?>
<!DOCTYPE tiles-definitions PUBLIC
        "-//Apache Software Foundation//DTD Tiles Configuration 3.0//EN"
        "http://tiles.apache.org/dtds/tiles-config_3_0.dtd">

<tiles-definitions>

    <!-- Base Define -->
    <definition name="base.definition"
                template="/WEB-INF/layouts/classic.jsp">
        <put-attribute name="title" value="trang classic" />
        <put-attribute name="header" value="/WEB-INF/basefragments/_header.jsp" />
        <!--<put-attribute name="menu" value="/WEB-INF/basefragments/_menu.jsp" />-->
        <put-attribute name="body" value="" />
        <put-attribute name="footer" value="/WEB-INF/basefragments/_footer.jsp" />
    </definition>

    <!-- Home Page  -->
    <definition name="homePage" extends="base.definition">
        <put-attribute name="title" value="Home Page" />
        <put-attribute name="body" value="/WEB-INF/bodyfragments/_home.jsp" />
    </definition>

    <!-- ContactUs Page -->
    <definition name="contactusPage" extends="base.definition">
        <put-attribute name="title" value="Contact Us" />
        <put-attribute name="body" value="/WEB-INF/bodyfragments/_contactus.jsp" />
    </definition>

    <definition name="loginPage" extends="base.definition">
        <put-attribute name="title" value="Login Page"/>
        <put-attribute name="body" value="/WEB-INF/bodyfragments/_login.jsp"/>
    </definition>
    <definition name="insertPost" extends="base.definition">
        <put-attribute name="title" value="New Post"/>
        <put-attribute name="body" value="/WEB-INF/bodyfragments/_insertPost.jsp"/>
    </definition>
    <definition name="listPost" extends="base.definition">
        <put-attribute name="title" value="List Post"/>
        <put-attribute name="body" value="/WEB-INF/bodyfragments/_listPost.jsp"/>
    </definition>
    <definition name="updatePost" extends="base.definition">
        <put-attribute name="title" value="Post Detal"/>
        <put-attribute name="body" value="/WEB-INF/bodyfragments/_updatePost.jsp"/>
    </definition>
</tiles-definitions>